"0","library(data.table)"
"0","library(dplyr)"
"0","library(leaflet)"
"0","library(ggplot2)"
"0","library(gridExtra)"
"0","library(grid)"
"0","library(gtable)"
"0","library(mgcv)"
"0","library(kableExtra)"
"0","library(""GGally"")"
"0","library(AICcmodavg)"
"0","library(plotly)"
"0","library(widgetframe)"
"0","library(knitr)"
"0","library(stringr)"
"0","library(tidyverse)"
"0","opts_chunk$set("
"0","  warning = FALSE,"
"0","  message = FALSE,"
"0","  eval=TRUE,"
"0","  echo = FALSE,"
"0","  cache=FALSE,"
"0","  include=TRUE)"
